{
    "value0": {
        "cam.T_i_c": [
            {
                "px": 0.0,
                "py": 0.0,
                "pz": 0.0,
                "qx": 0.0,
                "qy": 0.0,
                "qz": 0.0,
                "qw": 1.0
            },
            {
                "px": 0.11002674958788125,
                "py": -0.0002891377986657201,
                "pz": 0.00024662504991979133,
                "qx": 0.007123658988066061,
                "qy": 0.0006289220699998059,
                "qz": 0.0010774952115908369,
                "qw": 0.9999738481299002
            }
        ],
        "cam.intrinsics": [
            {
                "cam_type": "ds",
                "fx": 351.037283216868,
                "fy": 350.00745559773659,
                "cx": 365.8880973548215,
                "cy": 249.34573836993605,
                "p1": -0.23853128172699646,
                "p2": 0.5678694845290938,
                "p3": 0.0,
                "p4": 0.0,
                "width": 752,
                "height": 480
            },
            {
                "cam_type": "ds",
                "fx": 362.9532887030661,
                "fy": 361.85685537441409,
                "cx": 379.35501913798876,
                "cy": 256.0392416777184,
                "p1": -0.21063783723054772,
                "p2": 0.5776109411992846,
                "p3": 0.0,
                "p4": 0.0,
                "width": 752,
                "height": 480
            }
        ]
    }
}